﻿<?xml version="1.0"?>
<LoadPhrasesData xmlns:xsi="http://www.w3.org/2001/XMLSchema-instance" xmlns:xsd="http://www.w3.org/2001/XMLSchema">
  <ThePhrase>
    <ThePhraseData>
      <Title>United States President</Title>
      <PhraseText>George Washington</PhraseText>
      <PhraseHint>Nickname: "Father of His Country"</PhraseHint>
    </ThePhraseData>
    <ThePhraseData>
      <Title>United States President</Title>
      <PhraseText>John Adams</PhraseText>
      <PhraseHint></PhraseHint>
    </ThePhraseData>
    <ThePhraseData>
      <Title>United States President</Title>
      <PhraseText>Thomas Jefferson</PhraseText>
      <PhraseHint></PhraseHint>
    </ThePhraseData>
    <ThePhraseData>
      <Title>United States President</Title>
      <PhraseText>James Madison</PhraseText>
      <PhraseHint></PhraseHint>
    </ThePhraseData>
    <ThePhraseData>
      <Title>United States President</Title>
      <PhraseText>James Monroe</PhraseText>
      <PhraseHint></PhraseHint>
    </ThePhraseData>
    <ThePhraseData>
      <Title>United States President</Title>
      <PhraseText>John Quincy Adams</PhraseText>
      <PhraseHint></PhraseHint>
    </ThePhraseData>
    <ThePhraseData>
      <Title>United States President</Title>
      <PhraseText>Andrew Jackson</PhraseText>
      <PhraseHint></PhraseHint>
    </ThePhraseData>
    <ThePhraseData>
      <Title>United States President</Title>
      <PhraseText>Martin Van Buren</PhraseText>
      <PhraseHint></PhraseHint>
    </ThePhraseData>
    <ThePhraseData>
      <Title>United States President</Title>
      <PhraseText>William Henry Harrison</PhraseText>
      <PhraseHint></PhraseHint>
    </ThePhraseData>
    <ThePhraseData>
      <Title>United States President</Title>
      <PhraseText>John K Polk</PhraseText>
      <PhraseHint></PhraseHint>
    </ThePhraseData>
    <ThePhraseData>
      <Title>United States President</Title>
      <PhraseText>Zachary Taylor</PhraseText>
      <PhraseHint></PhraseHint>
    </ThePhraseData>
    <ThePhraseData>
      <Title>United States President</Title>
      <PhraseText>Milliard Fillmore</PhraseText>
      <PhraseHint></PhraseHint>
    </ThePhraseData>
    <ThePhraseData>
      <Title>United States President</Title>
      <PhraseText>James Buchanan</PhraseText>
      <PhraseHint></PhraseHint>
    </ThePhraseData>
    <ThePhraseData>
      <Title>United States President</Title>
      <PhraseText>Abraham Lincoln</PhraseText>
      <PhraseHint></PhraseHint>
    </ThePhraseData>
    <ThePhraseData>
      <Title>United States President</Title>
      <PhraseText>Andrew Johnson</PhraseText>
      <PhraseHint></PhraseHint>
    </ThePhraseData>
    <ThePhraseData>
      <Title>United States President</Title>
      <PhraseText>Ulysses S Grant</PhraseText>
      <PhraseHint></PhraseHint>
    </ThePhraseData>
    <ThePhraseData>
      <Title>United States President</Title>
      <PhraseText>Rutherford B Hayes</PhraseText>
      <PhraseHint></PhraseHint>
    </ThePhraseData>
    <ThePhraseData>
      <Title>United States President</Title>
      <PhraseText>James A Garfield</PhraseText>
      <PhraseHint></PhraseHint>
    </ThePhraseData>
    <ThePhraseData>
      <Title>United States President</Title>
      <PhraseText>Chester A Arthur</PhraseText>
      <PhraseHint></PhraseHint>
    </ThePhraseData>
    <ThePhraseData>
      <Title>United States President</Title>
      <PhraseText>Grover Cleveland</PhraseText>
      <PhraseHint></PhraseHint>
    </ThePhraseData>
    <ThePhraseData>
      <Title>United States President</Title>
      <PhraseText>Benjamin Harrison</PhraseText>
      <PhraseHint></PhraseHint>
    </ThePhraseData>
    <ThePhraseData>
      <Title>United States President</Title>
      <PhraseText>William McKinley</PhraseText>
      <PhraseHint></PhraseHint>
    </ThePhraseData>
    <ThePhraseData>
      <Title>United States President</Title>
      <PhraseText>Theodore Roosevelt</PhraseText>
      <PhraseHint></PhraseHint>
    </ThePhraseData>
    <ThePhraseData>
      <Title>United States President</Title>
      <PhraseText>William Howard Taft</PhraseText>
      <PhraseHint></PhraseHint>
    </ThePhraseData>
    <ThePhraseData>
      <Title>United States President</Title>
      <PhraseText>Woodrow Wilson</PhraseText>
      <PhraseHint></PhraseHint>
    </ThePhraseData>
    <ThePhraseData>
      <Title>United States President</Title>
      <PhraseText>Warren G Harding</PhraseText>
      <PhraseHint></PhraseHint>
    </ThePhraseData>
    <ThePhraseData>
      <Title>United States President</Title>
      <PhraseText>Calvin Coolidge</PhraseText>
      <PhraseHint></PhraseHint>
    </ThePhraseData>
    <ThePhraseData>
      <Title>United States President</Title>
      <PhraseText>Herbert Hoover</PhraseText>
      <PhraseHint></PhraseHint>
    </ThePhraseData>
    <ThePhraseData>
      <Title>United States President</Title>
      <PhraseText>Franklin D Roosevelt</PhraseText>
      <PhraseHint></PhraseHint>
    </ThePhraseData>
    <ThePhraseData>
      <Title>United States President</Title>
      <PhraseText>Harry S Truman</PhraseText>
      <PhraseHint></PhraseHint>
    </ThePhraseData>
    <ThePhraseData>
      <Title>United States President</Title>
      <PhraseText>Dwight D Eisenhower</PhraseText>
      <PhraseHint></PhraseHint>
    </ThePhraseData>
    <ThePhraseData>
      <Title>United States President</Title>
      <PhraseText>John F Kennedy</PhraseText>
      <PhraseHint></PhraseHint>
    </ThePhraseData>
    <ThePhraseData>
      <Title>United States President</Title>
      <PhraseText>Lyndon B Johnson</PhraseText>
      <PhraseHint></PhraseHint>
    </ThePhraseData>
    <ThePhraseData>
      <Title>United States President</Title>
      <PhraseText>Richard Nixon</PhraseText>
      <PhraseHint></PhraseHint>
    </ThePhraseData>
    <ThePhraseData>
      <Title>United States President</Title>
      <PhraseText>Gerald Ford</PhraseText>
      <PhraseHint></PhraseHint>
    </ThePhraseData>
    <ThePhraseData>
      <Title>United States President</Title>
      <PhraseText>Jimmy Carter</PhraseText>
      <PhraseHint></PhraseHint>
    </ThePhraseData>
    <ThePhraseData>
      <Title>United States President</Title>
      <PhraseText>Ronald Reagan</PhraseText>
      <PhraseHint></PhraseHint>
    </ThePhraseData>
    <ThePhraseData>
      <Title>United States President</Title>
      <PhraseText>George H W Bush</PhraseText>
      <PhraseHint></PhraseHint>
    </ThePhraseData>
    <ThePhraseData>
      <Title>United States President</Title>
      <PhraseText>Bill Clinton</PhraseText>
      <PhraseHint></PhraseHint>
    </ThePhraseData>
    <ThePhraseData>
      <Title>United States President</Title>
      <PhraseText>George W Bush</PhraseText>
      <PhraseHint></PhraseHint>
    </ThePhraseData>
    
  </ThePhrase>
  <Count>40</Count>
</LoadPhrasesData>

